Tenure,MonthlyCharges,ContractType,SupportTickets,Churn
9.995082261953018,71.72534781181461,2,5,0
26.530858597694554,120.0,0,4,1
25.969120229147443,61.28261671114631,0,2,1
3.160674069931245,108.91722328178965,0,4,1
4.2548505681607605,76.31903390156154,1,2,1
2.2794363362130525,86.0401048100116,2,1,0
30.870269532100437,65.4744714374489,0,4,1
16.700703810126427,89.1104717349567,2,5,1
15.581422428602126,70.98457952013221,0,3,1
20.443773093237198,120.0,2,4,1
8.292770446803496,50.31815080334606,0,2,1
14.55742827615823,68.40909444019715,0,2,1
6.5327267511236435,20.0,0,3,1
20.843567365550925,116.1140247377419,0,2,1
8.386795572624123,96.46323182881473,0,3,1
18.886848478230032,97.16532690705738,0,4,1
24.48488204880702,62.33152318149448,0,3,1
15.06278257269883,94.88788728373954,0,1,1
22.6053188043305,110.47913422177551,2,2,1
6.321491585486198,60.558775895251074,0,3,1
6.475971069578147,120.0,0,2,1
17.758974568251034,67.00428367895167,0,3,1
14.296646959005797,52.79616268996415,0,0,1
4.708006852758485,114.66098536683167,0,0,1
12.136151875661767,75.12382720799081,1,3,1
25.614096659057637,75.13551077335258,0,5,1
10.353575739985187,99.73684898673307,1,1,1
16.201450837748435,101.73603666589878,0,3,0
12.870974761570169,50.9494110842425,0,2,0
17.545112988152304,82.20369154718861,0,2,1
18.794327455558886,91.24044739749763,1,4,1
20.729507057004056,91.08548085036128,0,3,0
20.163278957522884,120.0,0,4,1
22.601779112951437,62.35272330381316,2,7,1
19.409628057564593,57.76256763369025,0,3,1
17.565120206558746,38.068134558557645,0,2,1
11.88710257425351,103.60940115732093,0,5,1
1.0,48.634214449839384,0,1,0
12.838727437259564,64.55380041027452,0,1,1
9.636806528303374,39.54679372584477,0,2,1
10.374387906695617,36.790047057826946,0,6,1
2.100858583693409,77.89955619853316,0,2,1
22.00646606389698,101.48441811183483,0,1,0
1.0883748443707795,34.61314180487571,0,5,0
19.34808787509909,87.20213622325592,0,2,1
14.117329302716765,76.69862758693844,2,3,1
19.456857393505192,49.78379068927236,1,3,1
22.962335443129028,60.62197389052733,0,4,1
32.06897749527945,72.04029427672302,2,2,0
26.974167261992886,53.79374281276526,2,3,0
24.468783093082845,20.50082303206438,0,2,0
27.562700513278337,107.93778767340865,0,3,1
16.390586323522115,116.79147102113724,0,0,1
16.722636162324264,62.357486223202265,0,5,1
12.157945497912822,98.13507741137808,2,2,1
18.40530188476124,103.02752855413739,0,1,1
24.903838625778228,82.5066867905915,0,3,1
15.845479630334255,37.164645112641225,0,1,0
15.993539212804365,69.55154564868735,0,3,1
10.89175813140438,58.45387443400048,0,1,1
28.757466924833672,74.84530701514318,0,2,0
16.148903894787605,49.381464069482334,2,1,0
20.491269360141295,119.48727332884631,0,4,1
14.412185426530536,58.5358349962967,0,6,1
19.70566041639355,68.99687532269226,0,8,1
1.447248150680469,50.40059679328142,0,2,1
17.063398553685847,42.02040900623867,0,2,1
11.06336289562358,91.11783794951164,0,3,1
26.46543603291169,68.69998010863402,0,6,1
22.206701700479737,120.0,0,3,1
13.758636822537824,20.0,1,2,1
10.208498296777984,120.0,1,2,1
8.45351969115639,39.0340912802551,0,3,1
20.49348994440235,73.56715848303682,0,2,0
10.457658869140992,36.29906547344452,0,1,1
29.614076626212682,96.5772548929663,0,3,1
7.586219159447882,69.07904729391166,2,2,0
10.710787545627607,65.4719876035093,0,3,1
7.912802318126854,52.84180630121586,2,3,0
4.328954297833693,90.3121387267534,0,2,1
19.12442666670911,110.62640889658296,0,4,1
9.516446392244157,60.98932050902405,0,1,1
25.261375464474497,114.7911598337198,0,2,1
16.25410493351157,89.69806623904502,1,1,0
1.0,69.9161690503445,0,3,1
9.080392371132437,56.652174305298104,0,2,1
15.54242002951357,20.0,0,0,0
25.848142831817093,97.0311930854778,0,1,1
11.731588015051184,62.35497737518968,0,1,1
13.312205260533082,100.32027034617681,0,2,1
3.5542095394350675,58.9316778207865,0,3,1
25.749110018122728,103.34188203776752,0,5,1
1.0,119.85138488798712,0,4,1
17.768142684836057,65.77308446226168,0,3,1
15.558626806567538,44.91374740351442,1,1,0
18.24947598221882,24.650818208712124,0,1,0
20.789165447928536,120.0,0,5,1
24.21739489455718,78.25821739326229,0,4,1
16.05553577086008,82.33479104291857,0,1,0
1.9735221626083579,93.58999045485007,0,3,1
28.393843011950665,47.49445111994574,0,3,0
10.83698544866549,40.775642470217846,1,7,1
23.034705292040506,114.0383772062782,0,3,1
13.452945042083986,57.88272461697485,0,2,1
21.81886325367401,95.54391994363387,0,1,1
15.475346585767243,100.41492077146886,0,2,1
12.39158164471902,78.29583332825194,0,2,1
22.828242466369996,76.09367001682087,0,2,1
1.0,120.0,0,2,1
12.900131952734025,120.0,0,2,1
15.831400128781823,63.765346395863276,0,4,1
18.52977699763302,75.67612498239663,1,4,1
10.961475568184369,113.30047380057331,2,3,1
1.0,120.0,0,3,1
18.21347775529111,120.0,2,0,0
6.108450346965567,62.87024456822441,0,1,1
20.58667710365131,61.042110222388345,0,3,1
18.54788574992144,78.1291129700615,0,0,1
15.370242496230752,111.32682190319275,0,8,1
27.817545348134562,89.48237660783074,0,3,1
25.02503228964052,108.3879238712102,1,4,1
7.32232544521538,73.390108374469,0,1,1
1.1909849387559426,105.8784708961548,0,1,1
26.665106495651816,81.38381964398916,0,1,1
33.92730984465662,35.476373750422894,1,4,1
9.735452410453469,68.6022064864044,0,1,1
17.94835031804062,44.71465588869289,0,5,1
7.919577263916098,120.0,0,3,1
10.258735962068368,73.65401061650809,0,5,1
39.20678545996691,76.86941896365934,1,1,0
19.087488668803907,93.9719859798954,0,4,1
16.31856138459024,70.61329030127034,0,1,1
16.86008574369403,91.57586078856083,1,2,0
5.723714158130342,119.61892798977378,0,1,0
18.73584124816943,51.31463171555002,0,3,1
30.65450101274213,78.17982955589666,0,4,1
27.594744913520024,96.81566944259865,0,2,1
11.775025305615259,28.887522129128588,0,2,1
8.714857857262425,120.0,0,1,1
21.209616489882055,69.61597211117021,1,2,0
16.13078505403499,51.05263061815029,1,3,1
14.905702901650292,77.10327631241003,0,2,1
9.778763501398934,91.50567620776198,0,3,1
22.374637771258662,88.85845046785863,0,2,1
16.306493055114647,100.12584074766428,0,3,1
15.519446958511727,65.67949118763534,0,3,1
16.059903978709105,105.37507421846779,0,1,1
19.078283788894776,103.79757871880962,0,3,1
7.786245485734716,64.0631547399173,0,2,1
7.360782454140919,111.3605471289796,0,2,1
1.0,80.76931545482805,1,3,1
18.43678628788345,120.0,0,3,1
31.139820197427333,38.71602663656571,0,2,1
24.129992618246465,113.81790196024549,1,5,1
15.650080017370078,106.6987112277949,0,1,1
6.739391242257826,103.08586656911017,0,3,1
12.834826269838903,117.83269997181618,0,5,1
10.639025726173251,97.64212463533558,0,2,1
18.558284475190714,120.0,2,5,1
13.635355838123791,66.27118167414886,0,2,1
19.25896079909895,77.2250709531371,0,4,1
12.441689257000613,58.653915407360905,0,3,1
4.87298397514075,77.41149642100262,0,2,1
29.404890420137242,84.51942919350178,0,4,1
4.954986245057956,65.32492023240783,1,0,1
5.785939148250176,118.00569657440806,0,3,1
9.791516306899505,52.51500341190245,0,1,0
11.253889431205632,53.37018490621573,0,4,1
22.04358396003922,118.3462742685518,0,5,1
18.88672406564292,71.16518384537206,1,0,1
12.054672556838803,97.59280396600947,0,1,1
19.80799842289938,79.25222816343498,1,3,0
33.63326441765852,120.0,0,2,1
18.933332656722666,94.58612482432673,0,4,1
17.717696593078074,48.254858793005525,0,3,1
21.65071284979545,21.789697235390634,0,4,0
8.76879826594593,69.3455619931949,0,2,1
38.36374237171336,64.17888727685175,0,1,0
28.13446334017879,67.14397058195641,0,1,0
11.428951420886268,20.0,1,6,0
20.473800234827664,120.0,0,6,1
1.0,120.0,0,2,1
18.6104284396776,99.86982411376881,1,1,1
16.0167702598185,89.11626628157565,0,2,0
19.062123002439243,83.64756207600477,0,3,0
10.784688377133952,88.28031166520064,0,3,1
24.689704260144097,42.72124304001914,0,2,0
8.449011865304797,20.0,2,3,0
25.568091309717033,88.53504192882086,0,4,1
12.676752976672532,98.6853546336555,0,1,1
1.1486556229117788,80.4792148197958,0,0,1
11.997649654844942,108.4501953567054,0,3,1
30.28576659304869,96.72190347914506,0,4,1
2.9013877604541864,68.3399621665632,0,3,1
7.36952671182973,34.90126296073817,0,1,0
18.555869652146956,41.469832925187745,0,1,0
7.985733791279285,57.470934028173644,0,2,0
12.349647141664672,76.45424543344852,0,1,0
9.516452148527142,85.05287772908575,0,4,1
21.07157369118909,59.64560332365515,0,1,0
13.920195850386879,116.69988269514567,0,1,1
25.576737512966666,120.0,0,3,1
2.893691557133746,76.07266216219057,0,2,1
27.42951386236421,82.60816792778932,0,2,0
22.148463365815143,45.141981206024624,0,2,1
17.38083677672285,120.0,1,0,1
19.058503818609385,120.0,0,3,1
11.934033809352458,83.12534728429068,0,3,1
8.209307277112588,34.58714122902418,0,4,1
29.66671083740517,86.64095752054398,0,1,1
14.858012434846437,81.05942202804042,1,5,1
6.461156371736559,90.11010118327582,2,2,0
19.363324149589687,84.64209673548093,0,1,1
17.68450271634605,53.97104234427917,0,3,1
22.348919039882304,64.36294890075149,0,3,0
12.044226372231174,60.980747132623556,2,5,0
8.607020410122185,51.51036346276639,0,3,1
6.997512818177736,70.7491588391346,0,1,0
7.216136773067161,97.62318818271967,0,3,1
21.26579004573138,40.520580062067985,2,3,0
19.5882581047219,78.27965822824164,0,2,1
22.69150302715555,87.27960267856056,0,2,1
19.50657219498634,65.86626535008102,1,3,1
11.604688718187685,62.110023490065146,0,4,1
34.61996303994323,110.74016258243705,0,9,1
14.43897990129939,89.66416674144958,2,2,1
1.8534954714400982,53.076666629502085,2,1,1
22.533854211011615,83.12400128213551,0,4,1
12.837267328951832,90.80386368336463,0,2,1
13.627658039073493,74.26843997633367,0,6,1
14.048205373337462,103.89607013259415,1,5,1
18.645096599580928,93.66941580966237,1,8,1
6.481541133279558,90.50106373958758,0,3,1
12.462528192421278,56.27338036186621,1,1,0
15.977005169177078,120.0,0,2,1
26.366101555508855,67.15823175296883,2,2,1
9.088417146010212,62.181906419480136,0,3,1
11.183804210782707,113.9171939887346,0,3,1
25.358205844274593,80.23597750649903,1,6,1
20.738811380565938,36.500573483772065,0,5,1
17.28453405403544,101.20305090887248,0,1,1
10.020512927699286,52.521575977074896,0,3,1
24.321301232936108,53.981064089925326,0,4,0
15.65358319475585,81.88184444592129,0,2,1
16.570621171964184,82.10971314335264,2,3,1
16.61977705201741,94.06554240911571,0,1,1
16.720673733135726,58.86199269158976,0,4,1
22.653001703415548,66.6990758531742,0,0,1
13.530275954623201,82.98579868968075,0,6,1
1.0,100.60728549182414,0,1,1
13.101873137402468,76.31662708614691,0,2,1
15.475369219617763,116.78545838226103,0,3,1
16.821915496359534,65.0695768568749,2,2,0
10.22651169928216,99.59656676332374,1,1,1
5.1328863854715845,87.69161026597429,0,2,1
20.105600310556643,88.4096508776348,0,2,1
21.913586523124188,102.2974786130551,0,3,1
2.520290174531384,115.18597476231174,0,4,1
13.4731510924418,99.1294572043126,2,3,1
9.615451450192381,62.26792597389835,1,1,0
18.261967150312273,53.81332751171486,0,3,1
12.876689067506911,27.249536401013813,2,8,1
3.8010952717571005,82.6588294497439,0,4,1
25.135960539409133,46.08011745990331,1,6,0
19.35021849560584,53.51894331187177,0,4,1
12.43743731854654,120.0,1,4,1
7.671692502945453,63.954579641952165,0,1,1
6.425169168582759,36.33583437246423,1,3,0
13.889329852833738,93.81272169717698,0,5,1
1.0,88.18819722566997,0,1,1
29.649004658551704,73.78512949738057,0,6,1
10.274558483680828,55.42902728935336,0,4,1
15.442137885700285,66.09846631051059,1,3,0
12.591104358825493,64.13751329277571,0,1,0
17.61957880453237,76.79438198562147,0,1,0
23.23068891368012,67.62724725096794,2,0,0
1.0,67.92900853049453,0,4,1
21.55838361518296,103.68521381194981,0,1,1
14.962629754744796,76.65373324735486,0,5,1
24.648110447575647,61.00800996427144,2,6,1
19.200510933070063,72.06097377839393,0,6,1
3.5394621504678554,66.35675220018976,0,3,1
6.1567376836451935,20.0,0,5,1
25.59440416327019,71.6676563800318,0,2,1
22.54590901878728,112.3198062486383,0,3,1
13.764488277825846,68.2984398176235,0,7,1
21.26358058076689,42.546367795924404,0,2,1
11.082077661103224,70.74624135860734,1,2,0
23.881412232054622,66.78867906006134,0,3,1
13.746993758033557,108.58327437063339,0,2,1
9.726902142677442,66.02751556750404,0,2,1
17.321248270436215,62.28975149184696,0,2,1
14.030370476034015,102.2495111049585,0,0,1
19.9946662906137,54.683028142568894,1,2,1
12.479308763233947,50.89265812362202,0,3,1
15.194288378525533,64.27212995612547,2,5,0
36.04407400539918,99.23079177460629,0,5,1
23.546558529735616,69.09248008434021,0,2,1
13.637244687591178,78.61392854558488,0,5,1
17.392633317626228,75.66332812506135,0,2,1
6.927326700193797,66.40246218230016,0,3,1
27.912863842110074,74.44602133263615,1,3,0
14.661927279327003,103.11330299136833,0,3,1
24.43776311240449,92.6804355334015,2,2,0
23.85895607213279,39.780995810372765,0,3,0
22.81351772117808,97.17856183464284,0,2,1
22.78001713115252,109.8917465596191,0,7,1
23.91747401914039,60.80227347844946,0,2,1
32.08022351351606,93.45519073645325,0,3,0
19.443264976108154,20.0,1,3,1
19.97131083602642,81.45591917879597,0,1,1
1.0,55.848135182089194,0,3,1
11.196299899009341,75.65366298518832,2,1,0
6.360189856892449,98.58457818251519,0,6,1
18.47541899069678,56.27275997245472,0,4,1
21.758287069093093,62.207793021584344,0,1,1
20.517040050359835,89.71773443373723,0,3,1
5.161147704384939,96.99492442232925,2,1,1
25.890498613168113,112.17606448531149,1,3,1
20.94861337075458,120.0,1,4,1
15.961039724159702,24.338555699813167,0,1,0
6.89101524909538,120.0,2,3,1
17.062694143483277,117.08937795992658,2,3,0
19.87821082429457,81.17409202806408,0,6,1
24.92679832704215,58.484841038310456,0,6,1
9.708694657864257,109.69424094560011,0,2,0
13.062461315610644,113.87622334145696,1,1,1
9.8186587819864,72.04235557929815,2,5,0
18.77148707229126,120.0,0,3,1
14.913036351314165,50.54179732146904,0,3,1
15.533221512730945,43.49810230185443,2,3,0
10.98533187693631,23.294253449384343,0,4,1
23.20234978876008,63.92804845895507,0,3,1
23.794874987135742,83.94179862455219,2,4,1
22.209251165344202,120.0,0,7,1
3.148953076236113,72.5302574872637,0,3,1
18.914261307467477,71.23956936741334,0,1,1
21.506607182227146,53.84416763259008,0,3,1
16.443493840065777,49.25521259853808,2,4,0
19.733277306115134,99.3986776340833,0,3,1
25.337691687012203,61.00667346041093,0,4,1
21.600509524339174,78.25529114240635,0,1,1
24.86932868707239,86.64418999237141,0,7,1
30.132081789837827,94.98419996191366,0,5,1
25.026899609397482,84.8525860607792,2,7,0
19.604737853520362,67.96507450408815,0,3,1
19.59735035707226,108.68688491674523,2,2,0
18.735645022654424,96.64638224171328,0,2,1
22.905890153305837,120.0,0,4,1
18.2966113638986,35.30848282310505,0,1,1
21.373484873935773,20.0,0,3,0
14.725621866609513,87.20115010628538,2,3,1
14.345655041722836,54.95000046084117,0,2,0
21.15577503929057,44.57046286214849,1,3,1
13.967632855686029,43.61811196572261,0,3,1
10.69832464956933,44.5948093001151,0,2,0
15.320163895890381,79.93956793984607,1,3,0
19.36448258319714,107.68394862842975,0,5,1
12.166818620123301,114.76618705313399,0,5,1
29.47025821725585,52.443410799046795,0,2,1
15.866503913718558,89.74580005008052,1,1,0
8.61573458504714,77.09607823763655,1,2,1
37.89573523698621,43.33753326924741,0,1,0
13.619692456345536,70.09788749903196,1,3,1
31.071736195612424,120.0,0,5,1
21.72214964293844,71.94020096751623,0,3,1
19.927313113304063,71.4064068128781,0,0,0
10.713829872454424,120.0,0,3,1
17.504850708800006,120.0,2,6,0
10.002310807351,120.0,0,2,1
22.202686068840414,83.03432667611283,0,3,1
15.219763458216121,104.85174160484608,2,1,0
16.50945631296391,100.29764182195217,0,4,1
34.06274462022987,102.21297171223779,1,5,1
8.27493958125072,108.94743394170871,0,1,1
6.319058998362934,83.12113529609321,0,3,1
12.571116112343706,31.110243954198246,0,3,1
20.904872771224937,119.51911567230212,0,1,1
29.72767813180336,120.0,0,0,1
12.800382300274027,89.78716349341774,1,4,1
23.49748931615224,120.0,0,1,1
10.688468876364066,103.97913960896116,0,2,1
16.105625298348457,63.93802005012088,0,1,1
1.469287913010957,47.60293277100314,0,3,1
4.976182388408954,101.67435293633025,0,2,1
23.52694886818199,75.11358480487162,1,1,0
24.87078598919893,105.18974153798031,0,2,1
24.018760010619012,105.95618071137406,0,2,1
19.731098413102497,93.4255500194274,0,2,1
1.0,102.18321438996482,1,3,1
10.491186269423785,120.0,0,3,1
4.462830498595867,63.29681042577609,0,0,1
16.265434093742975,66.50607124382697,0,4,1
14.332922761530474,55.6900104270772,1,3,1
23.762152528434893,105.11980691642357,0,2,1
28.925910264321782,20.0,0,4,1
25.20351810907067,78.20158673317668,0,0,1
19.26689241552044,100.25213806344696,2,4,1
29.487307985016862,54.52657397949101,0,1,0
13.53394392653961,82.40825023694136,1,2,1
24.291669688749835,20.0,1,4,0
11.240132907204153,53.181557450564405,0,4,0
18.910173330019312,85.71513471989375,0,2,1
24.438645664099738,120.0,0,1,1
19.506508016123007,46.13814523961077,0,1,1
10.351194543745397,68.33734846925843,0,1,1
17.735851620751323,58.32526554452833,0,2,1
24.09291934103392,55.819613649482164,0,1,1
23.730803681684634,70.37578032980096,2,4,1
37.29096540764782,77.69352363756971,0,2,1
21.930695115531336,74.08574819915079,1,2,0
19.875055086629942,57.19358618668924,0,4,1
3.4980583863510173,80.32961349264284,0,3,1
13.208173480186682,49.48622587466322,0,1,1
6.841982024264148,106.72789543380864,1,1,1
29.565605058981852,96.86367619362245,1,2,1
14.823215556835729,93.33580288633628,1,3,1
6.211571289875673,80.9275231610426,0,3,1
17.10877047470227,91.06857382888792,0,1,1
16.5248910633139,120.0,2,3,1
21.530180638272515,20.0,0,5,1
19.837779526321142,57.82596240650326,0,1,0
21.073739386430432,90.06146226358949,0,1,0
15.859527646249502,94.74998168008383,0,6,1
18.881476567727564,95.43265078729425,1,1,1
2.2599210818223945,96.96276104825422,0,1,1
3.481688584126845,96.1894399864159,1,2,1
14.056187136242787,46.69648072688998,1,4,0
13.821032711263651,20.0,0,6,1
4.591794250156756,97.81395238686915,0,2,1
25.534640356320132,120.0,0,6,1
16.96651313795839,63.65294799458472,0,4,1
12.785406321569145,74.92999935582739,1,2,1
18.72827980249653,69.25628402895174,0,7,1
22.497465113833588,46.976812237399116,0,1,1
2.6095249932512683,33.49602065146475,0,1,0
22.548513746009625,72.05978253390712,0,2,1
17.94813670797412,98.74189510874385,2,2,0
21.619004175853842,68.39078798517201,0,0,0
21.733100017571036,113.29027416638355,0,4,1
7.562758423449143,66.54010279372882,0,4,1
26.04342810713466,112.112310771437,0,5,1
23.83102849376727,75.1275555672177,0,4,1
27.65493892165354,96.88510139287015,0,5,1
8.469575342791428,53.640414310940926,0,3,1
20.781030628535838,20.0,1,1,0
9.834541043155763,114.77063693146735,2,4,0
7.481132128225781,70.06491311931373,2,3,0
26.6580159232593,120.0,1,3,1
10.919892864892638,116.68320763118159,0,2,1
20.05010866965973,33.18853912919106,0,2,1
14.988099574763561,120.0,0,3,1
23.878638437609883,47.180134286641696,0,4,0
12.730956629458229,120.0,2,3,1
19.61578040902128,99.34769807104048,0,1,1
22.875396586076164,80.99397981020557,1,2,1
1.0,102.06124085196895,1,1,1
14.822870421918903,56.62662190287352,0,2,0
6.129930346227493,96.19014941364688,0,3,1
28.89811257787259,49.32187830757132,0,3,1
22.517159190662483,108.94814619575644,1,8,1
16.905125528276226,88.46214389657337,0,1,1
23.16652058192749,99.6346977624612,0,0,1
19.156193708685223,24.675056350875824,1,5,1
11.059371153564033,43.43851001670265,1,5,1
28.5428253326682,67.08814290312779,0,6,1
30.77778294249039,60.86046018359446,0,3,1
24.353340521496783,23.08352235977936,0,4,0
24.567384713852178,79.75559358628304,0,3,1
16.470215547539595,49.18219751618526,0,0,0
12.820151001557925,90.67458830163511,0,2,0
23.40566227523343,81.03811511035605,2,2,0
10.982752665212923,120.0,0,4,1
15.806072446080819,86.44434278153804,0,1,1
13.669372461432978,39.1258926955485,0,4,1
8.346132675644427,117.8338605570009,0,4,1
20.761387598885843,109.68419820755024,0,2,1
15.553950841754101,35.327228703212135,0,1,1
15.108928784271136,112.9098640119596,0,0,1
29.526493427138547,91.67833813891589,0,4,1
11.62799977442194,63.76881848003805,0,2,1
7.7135400692277685,101.31500222389391,1,6,1
10.245007823068658,79.06457777348774,0,3,1
19.377579292811838,74.58397362426484,0,2,1
26.60125743410645,120.0,0,2,1
17.18902301757848,109.89260201838881,0,3,1
7.632976894128705,50.02700985681276,0,1,0
1.9691658508962213,102.89752816348245,2,6,1
12.928095721426722,91.91969803967534,0,1,1
27.513477601384743,120.0,0,5,1
18.888669802164383,43.831989344928,0,3,1
8.966964581639733,87.1123859927537,0,5,1
18.19789430660506,70.91857599375588,2,0,0
10.57031244317578,82.3169412927925,2,4,1
14.0782368811726,100.89524437787392,0,4,1
22.526440154795825,70.84262219086966,0,0,1
23.29090476876607,94.78829916058798,0,4,0
19.32402435073356,53.41781030062365,1,2,0
9.880610889537849,52.47096825303981,0,1,1
20.65003517782653,120.0,0,1,1
15.440060185504302,65.24985022574866,0,3,1
10.264169500952967,89.57948865417859,0,4,1
8.064584432827093,115.32369164659812,0,3,1
13.500427120052251,106.22299745219249,0,2,1
16.98049704819338,79.25830942431857,0,3,1
15.46959216182202,109.79782669461173,0,3,1
1.0,120.0,0,3,1
13.037660700893408,42.83376980751173,0,4,1
30.95836059364088,64.37816080623259,1,4,0
5.822513733327282,83.34779107459025,0,1,1
24.395005021389046,48.52406096021104,0,1,1
22.391462029920874,79.18860159431617,1,4,1
17.6820649297817,84.03372497784123,1,5,0
28.815195859806224,120.0,0,3,1
9.695948424783618,61.00161309432979,0,3,1
16.026963836662926,85.72096257305864,0,4,1
15.516456900651502,110.21147070368768,0,3,1
21.904762907428044,55.097217079982094,1,3,1
23.34400741197749,77.6319466440885,0,2,1
40.43861424116257,120.0,0,2,1
14.866933794791986,20.0,1,2,0
23.40125479317003,89.90954591152425,0,3,1
29.574810509134096,60.2359501247498,0,3,1
17.126933445107074,94.89037340953664,0,5,1
17.510155883630564,44.18942406995882,0,5,1
28.933390817412597,79.97435533764589,0,1,0
7.782599136521865,77.95269931242032,0,4,1
24.321264691240387,84.8241484269862,0,2,0
10.870632109403765,94.72627524460631,1,4,1
16.131479205808624,105.04553099865318,0,3,1
15.353798617484236,95.25739806172523,0,2,1
29.297025147157576,91.75980665334102,1,3,1
8.744325832908828,120.0,1,1,1
1.0,62.146013437853725,0,3,1
13.128326045179362,111.81573539402305,2,1,0
7.986227090989235,86.53963296556452,0,1,1
18.36167095682584,97.5606511980238,0,4,1
22.975146453734478,62.05720404636658,1,2,0
20.94315687727692,42.3417632208225,2,1,0
6.344396913917706,63.37973937015629,2,3,0
4.6344283897662155,98.08584346151686,0,2,1
20.953823620446123,67.38202203605097,0,2,1
7.634253702289152,40.86869523153725,1,2,0
4.54539473054041,120.0,0,6,1
29.249549586851114,85.55967962850714,0,3,1
14.014606737320129,24.512025720794092,0,2,1
18.63162632786181,106.82105254630908,0,3,1
19.305958623493158,120.0,0,7,1
17.663655160356527,68.66696771126682,0,2,1
17.33210251099657,44.85189200823413,0,3,1
19.364597416453925,112.09112267424301,0,4,1
11.375321723960996,103.57299962440437,0,8,1
17.664934931166723,102.18913986877313,1,7,1
11.294044353713854,20.0,0,5,1
22.700162689627156,113.07441849243082,0,1,1
16.802301092726065,120.0,0,2,1
16.321655421279846,39.338429895342216,0,4,1
19.48939442448092,81.53569637896214,0,1,0
25.469097702068176,94.91635669589768,0,4,1
24.129766732192873,87.70369698741541,0,2,1
20.801983498651428,61.53698302169418,0,3,1
14.211615894461573,86.32259087712347,0,4,1
27.66704913885154,119.94313237616299,0,4,1
9.925835644595347,80.72788654035747,2,3,1
11.060489925027902,58.173712444046814,0,3,1
29.578837833450123,74.0573669180969,0,2,1
9.248705053277185,79.14217447762377,0,4,1
20.55171458067986,86.709136127956,0,6,1
18.8629322149647,81.513942649294,1,3,0
15.197548569873002,120.0,0,2,1
12.47352365079089,120.0,0,3,1
13.024168752368606,28.388619085523327,0,3,0
8.744945338360523,76.65059362073654,1,2,1
6.215116135582466,61.41417062100202,0,2,1
1.5242364053413926,75.58457403694666,2,1,0
15.709773230645297,96.50717441532512,1,3,1
25.80177107565306,70.21590799583178,0,2,1
3.4215408861383008,86.96290960471654,0,3,1
19.410636792331488,65.27561457164674,0,2,1
17.91960682721079,120.0,0,4,1
24.56262330753822,60.147601407923936,0,3,0
22.97580276524458,89.52336133673889,0,3,1
21.424762710218232,110.66671713331374,0,2,1
9.91285483141823,98.2888277167621,0,4,1
17.125085345838233,34.564787342754535,0,3,1
13.977349109364537,71.77899473899014,0,1,1
7.345069665357178,99.46093595734595,0,3,1
20.071981916506466,40.39292772090664,2,4,0
9.725979662111875,57.1676613795009,0,3,1
23.955098869384443,88.58641876338162,0,4,1
20.03358692540032,95.6479985088678,0,5,1
5.616545269241888,32.808253854014204,1,5,0
25.954616468356274,45.70942678903116,1,3,0
17.671560900420786,81.39216993408454,0,5,1
16.874011812512087,47.378665296556164,1,1,0
1.0,120.0,0,1,1
10.747011984538467,106.49057266196364,0,3,1
9.59186577174263,108.23204040043322,0,1,1
9.690522018430455,73.79060811761762,0,5,1
7.002422596881077,59.774406916694254,2,2,1
5.646032911597999,20.0,0,4,1
26.26129579695872,86.61605350070262,1,2,1
10.930702888299932,69.4191618904605,0,1,0
1.0,47.23474936245079,0,2,1
9.251304621272391,87.6839783737255,0,4,1
9.616097072098475,63.795680502149814,1,4,1
13.174329926462555,61.89973495280056,2,2,0
14.776548890081013,72.69155371543461,1,4,1
16.970872797692962,93.04970593299444,0,2,1
11.005466326106623,70.60990825763301,0,1,1
16.4247644540762,38.54445200863713,0,2,1
39.968829042270684,37.24993174061682,1,3,0
9.27248018033038,113.94610942464084,0,3,1
2.69582704142589,86.96759058196804,0,5,1
23.807186422843635,120.0,0,3,0
12.78087624814173,68.40264647339944,0,6,1
9.374418912318983,82.1057131050981,0,3,1
5.7271570722108525,73.4391131282301,0,3,1
25.4440838269835,51.43982015683012,0,4,1
7.6018191113114995,31.905802385013345,0,4,1
31.399668513647548,120.0,0,3,1
29.11414154478142,53.72567662038954,0,3,0
24.10172111575519,38.42393646693683,0,5,0
12.762566246479238,90.7525436584482,0,3,1
39.28435120488228,85.68662033436213,0,0,0
5.820803689078801,120.0,0,0,1
15.986041618998584,89.8173367158616,0,1,0
7.043379442953906,50.54868472507029,0,4,1
18.23570617347685,28.629094990796936,0,1,0
18.33513616438252,65.0013276109303,1,3,1
22.48301896817638,120.0,0,5,1
14.336036691616675,20.0,1,7,1
21.367563971949867,49.02747747638901,0,2,0
13.426156769219157,53.664014031887596,0,6,1
18.275270658338957,68.2483411903394,0,2,1
9.603126850017018,62.22890646591366,0,3,1
22.4132530088595,120.0,1,4,1
21.22737647899944,73.16246919484645,0,1,0
11.929465896083576,51.486990455421605,2,2,0
16.351564772191907,86.66018213631766,1,10,1
8.63849184226503,69.0096065000437,0,5,1
29.194108476255664,58.11489832598269,0,1,1
34.020207120515956,30.752456870909025,1,2,0
19.059595063316465,78.37570268799426,1,1,0
29.272946224888997,66.11977857829446,1,3,0
20.955294074889565,83.88639462430785,0,6,1
16.880901776844134,120.0,1,2,0
8.429266189760476,47.5000877157601,0,3,1
20.88475967962312,30.32071363712817,0,1,0
7.608607295510916,44.354231740761776,1,4,1
15.79027856947159,53.66675483119119,0,3,1
20.775970827695815,66.16424369802014,0,4,1
10.856092804950514,97.05978392160566,0,4,1
7.422513720333807,75.8442747478546,0,5,1
10.684453407733827,20.0,1,2,1
19.971276749958975,86.56557203021711,0,1,1
14.82711077000816,79.51505194242117,0,1,0
22.34526614224002,74.88393571052187,0,1,1
30.457667995849974,101.76227425937866,0,4,1
10.04162037379959,55.33956242285648,0,3,1
24.205409727308417,60.27193923260359,0,5,0
18.484459971915598,44.269012681146414,1,2,0
12.392194964977463,113.08918905752236,0,2,1
11.64653640446959,63.93622167147881,0,0,0
7.395318399064957,79.85554139203809,1,2,1
15.95355686818415,78.31312749268814,0,5,1
3.1622477861102496,120.0,0,5,1
1.0,85.96512752110053,1,4,1
8.541081113355485,91.23138578532931,0,2,1
16.073786319245553,81.50468539110369,0,1,1
12.163735618956991,87.38539086216569,0,4,1
9.526338656728099,89.89195895812033,0,5,1
12.633010753404282,99.1585736508312,0,6,1
22.370757892209006,120.0,0,4,1
7.477260682475791,67.93640419018412,0,4,1
16.608871672805726,47.86490539368951,0,4,1
16.10024216806726,93.43885567949869,0,2,1
5.980045205074974,118.76208724423084,0,0,1
22.478798371745675,120.0,0,1,1
11.281111241327762,27.2967364908383,0,3,0
32.96206975050736,44.412868538051555,0,1,0
10.944186483206254,67.24192866459359,1,4,1
15.018541493552627,60.86782684852034,0,2,1
33.10152994892638,93.78924512978365,0,3,1
24.082715640743523,98.66106915585941,0,3,1
14.933154820775474,83.62117509119696,0,4,1
1.0,90.20505441536436,1,5,1
25.95654677978407,54.8320350466672,0,1,0
5.6967305607682714,28.40463084305339,0,2,1
20.067123430087406,85.53258135580215,1,1,0
15.895702042371417,56.62047442560488,1,1,0
17.4028683383168,120.0,1,5,1
14.354957711533434,97.11077507699673,0,3,1
12.144367551737565,88.5643837764467,0,2,1
12.478272115568537,59.26423337040258,2,3,0
15.20513182186735,100.4989260996834,0,2,1
8.35984810859901,71.3795879293952,1,8,1
11.970067428625716,84.29195891751604,0,2,1
23.292157759480276,20.0,0,3,0
3.8863746788432856,86.18539182032008,0,2,1
24.535491281356627,120.0,0,2,1
21.621648993821633,80.8902532664118,0,1,1
38.712008755747505,79.06219612124566,0,0,1
22.136896278215186,109.72534957066583,0,1,0
17.093712585024566,97.09316587243366,0,1,1
20.370080393795604,74.77916691449971,0,6,1
1.0150758114496625,101.03131697195634,1,4,1
21.18479311909935,65.82479469321699,0,4,1
9.668264944092872,100.8231036425705,0,3,1
28.38658540972824,108.32522086582821,1,3,1
13.833860691937629,59.858088455760274,1,9,1
17.82245798920912,62.19801313620727,0,6,1
7.919454997482422,87.1770543781189,0,4,1
12.701078496424596,84.52937425976727,2,5,1
13.446122796048924,113.78259075171367,1,6,1
20.584045256603872,41.36451330366995,0,4,1
24.125337937006755,20.0,0,5,1
12.020752075821427,99.04626456263672,2,2,1
2.9840767042547967,20.0,0,2,0
3.444393140666561,82.95104839617791,0,3,1
23.452898139378327,52.566020356901426,0,1,0
21.006420797903314,47.31464759775616,1,2,0
17.58626214459837,98.22149756945221,2,2,0
15.789980954359441,70.9594950350679,0,5,1
16.711994773052506,53.75957672002569,0,2,1
14.584893010000423,64.44354011108331,0,3,0
24.437477544789488,86.27306221154285,0,1,0
15.94440582703623,24.491624222362258,1,4,0
8.649909203313667,113.56801268548992,0,5,1
11.103261151878923,120.0,0,2,1
1.7749169295921146,100.31072835411292,0,3,1
22.019211647396638,94.57500705229397,0,2,1
10.379353290932237,117.3769604390754,0,1,1
13.64687981843194,76.45644488356379,0,1,1
7.385088227151812,75.71461311436738,0,0,0
11.261957950901348,120.0,0,3,1
21.48061860941937,93.60577774395959,0,2,1
16.60820202468498,102.0860984698428,2,3,1
17.744722926929036,72.38260507675828,1,3,1
25.372647312973005,112.48403853575,0,1,1
19.106829751626183,93.22177945420857,0,2,1
10.672983091775084,111.61477780992651,0,2,1
21.152623473154467,73.01526446940505,0,2,1
6.939924738885399,79.31586971606673,0,0,1
23.029457207440753,97.9876086477838,1,4,1
17.24705869372164,69.97398822695546,1,2,0
19.76906479074089,120.0,0,2,1
17.465584786635063,78.41732139799566,0,2,1
13.929804660421919,94.00106630414007,1,2,1
4.540572601204179,107.849596996411,2,1,1
28.37952514074897,34.32597076199516,0,4,1
10.58443755607927,52.14199045557841,0,2,1
8.832213334028907,111.04052905692359,2,1,1
17.717388863635275,61.28399919562063,0,3,1
17.147210176331008,31.13192263115822,0,0,0
11.878575271939305,90.9513028229238,0,2,1
10.850179956571125,115.85135438286324,1,2,1
20.534550330398734,101.76755590448684,0,4,1
27.969296751883075,54.08818271629791,0,6,1
15.1190745110837,85.88830375618892,1,1,1
14.965663006387443,91.06511665665647,0,4,1
22.87444779547446,100.9138645715694,1,3,0
11.27178230145368,40.52700345100994,0,2,1
4.8198980070763255,92.20568149723543,0,3,1
5.578051346573858,97.64605548816257,0,2,1
12.209697996548346,50.79882506015633,0,4,1
13.280762070925483,80.97269526682055,0,3,1
1.0,50.61300410483678,0,1,1
17.06210999528305,120.0,0,1,1
17.384603241358743,55.97317417178461,0,3,1
7.800889520967848,108.3133897164323,0,5,1
16.480945309340747,120.0,0,1,1
37.78779039311814,120.0,0,4,1
12.36070067691661,75.06013561293108,0,2,1
4.005124587639333,84.22497831693592,0,3,1
8.269895036571814,70.78521741108614,1,5,1
8.783690694286486,59.30025329844443,1,4,1
9.186305635377089,107.27152003597587,0,2,1
10.494617764159479,91.51642057067846,0,1,0
14.078386117924513,80.74285427024343,0,6,1
6.927722419624088,98.07497291578034,2,5,0
18.030082325701446,100.60863590444939,0,2,1
14.657852957109183,67.67148435239885,0,1,1
17.262133668509936,120.0,1,2,1
1.0,107.98416869288127,0,0,1
25.085204516597575,97.01905210707541,2,2,0
31.833534010344316,94.53601074787575,0,0,1
16.071275708708384,92.69793489065343,0,4,1
14.1131818377796,92.75657179299608,0,1,1
14.288315242575647,80.9276086425021,1,2,1
27.527823446151032,86.35723559452245,1,3,0
1.0,25.00980898627036,0,7,1
26.894029941635353,52.806433908303845,0,3,0
6.695077900331887,67.37930058688875,0,2,0
29.35022309834782,88.63830043885734,2,4,0
19.92643213891746,63.23246158767052,0,0,1
16.223159079108083,71.25682272961214,0,3,1
7.453616630220237,45.33932883919893,0,2,1
1.0,36.1610886653244,0,3,0
1.0,111.18309884737278,0,3,1
10.286369541642056,92.87011899903318,0,1,1
25.24094198516432,120.0,0,2,1
9.847285864215177,92.83862995099985,0,1,1
1.0,88.31089730609229,0,6,1
13.366177816071716,71.30064028179763,0,1,1
10.133263011879553,25.299054293275237,0,5,1
15.729428094049068,109.46167449313732,0,1,1
9.268951082702717,80.76097535866589,0,7,1
5.438482567775509,86.91096114110735,0,5,1
10.637741567783912,93.31942861286755,0,3,1
9.2230837128992,22.22970272596377,1,7,1
25.971117572851917,104.22323121729805,0,1,1
17.831085477804937,95.26195193616923,0,3,1
21.019985069977295,69.92200870633296,1,2,1
10.587050746419825,26.700736101398203,0,3,0
14.337316072470935,120.0,0,3,1
7.5931380431528375,38.03771282558013,0,2,0
19.581721741249602,120.0,0,2,0
8.58244118655659,20.0,1,2,0
14.540683812035438,119.97136937675336,0,6,1
9.521635532912214,90.85620991682576,2,4,1
18.588887118394208,88.27062099598007,0,3,1
23.886049545467785,119.33061262853641,0,4,1
13.433790721389094,49.98842361239964,0,1,1
22.49774593797454,59.21342189025607,0,3,0
17.89664837462845,85.72099636506174,0,3,1
19.67487718818064,73.59319832755472,0,3,1
21.48408955360343,81.8572117330943,0,3,1
15.933562986056527,70.94148774284395,0,3,0
14.626864710999255,98.8451087502538,0,4,1
2.2733631952656097,21.974356044686868,1,4,1
8.200570581229753,23.614625875220266,0,4,1
16.00742655443725,74.1157577724162,0,2,1
32.213681950731186,111.63907339757489,0,3,1
19.448399222925012,53.28960321236116,0,0,0
9.347810430726133,79.60606222251758,0,3,1
19.44141542373223,73.31781054509905,0,4,1
27.349117833331974,120.0,1,1,0
9.763827298924735,63.00672414407295,2,5,1
21.016789647200056,113.70494029748582,2,0,1
20.582404618376668,48.78849506352294,1,3,1
9.408081850756318,54.259052251708816,0,3,1
11.607883137674111,105.65618562229751,0,3,0
4.583993401228309,64.83009489401385,0,1,0
20.249217100791405,114.1558614944219,0,5,1
24.365267457413097,58.57060440756168,0,3,1
12.438633306513482,101.26423385711591,0,4,1
21.673074779453014,115.17630718782023,0,2,1
16.19706586110554,67.93613808446634,0,2,1
15.680184432338875,20.0,0,5,1
12.34632472342869,22.655502500742323,0,0,0
13.51431933196827,120.0,0,4,1
12.95692623238111,78.87883404149883,0,3,1
18.868810946786706,106.4106922489278,1,3,1
19.87426136490997,43.38976960323281,0,5,1
17.209129959160993,96.87100447354942,0,0,1
24.208888533293823,111.28001099833311,2,4,1
9.268505803382581,58.169643388766616,2,2,0
16.550214038988376,67.58531184150887,0,6,1
10.717813088325467,68.01779968050421,0,4,1
20.086883780620497,60.54207069583355,0,1,1
22.398956195545548,87.08424504797759,0,2,1
3.4797915802349664,51.639015556114636,0,2,1
21.088454567484433,120.0,0,6,1
24.539731661484034,67.45683055265472,2,3,1
17.406380336234225,114.67132289913748,2,1,1
1.0,45.29679122587751,0,5,1
32.3086220556916,65.61671320523705,1,1,0
10.178057831629147,37.61166178079999,1,2,0
14.531961733735567,79.04198787956443,0,0,1
29.238265157673162,58.013198132697305,2,3,0
11.52149268206124,46.929375970182654,0,5,1
13.503695668322251,54.323792636899604,0,4,1
25.843602534247303,76.27473226901816,2,1,0
18.488618489489266,72.19537034345058,0,5,1
19.87053666584594,80.25926688344778,0,2,0
14.446614849362616,20.0,0,2,0
14.857177123686242,119.44971840187489,2,2,0
19.951642757241867,97.88831702245142,1,1,1
2.746502633721958,52.710555327263705,0,3,1
5.583531349317864,108.72993299560241,0,3,1
10.984367667807458,120.0,0,4,1
8.103297463354215,90.00984226286539,0,4,1
24.94439030941239,93.1706994460165,0,6,1
13.047929578976966,58.947656214406976,0,2,1
14.366936471675295,96.10219935489565,0,2,1
6.036972260036727,57.45169517522368,0,1,1
20.537541877704225,49.076452930801636,0,2,0
12.766677177128427,94.70238935920356,0,1,1
10.648193372470951,72.43679335069912,0,6,1
11.285161266366806,20.0,0,2,0
9.669008029390643,73.1354169317244,0,1,1
6.816769525455298,22.40816055289602,0,3,1
14.628002046253242,61.712778554345995,1,1,0
20.753733455714567,67.90280583302128,0,4,1
25.939768055130937,97.6821346805128,0,1,0
1.0,29.8289500987628,0,3,1
12.604560086402433,65.06796638842722,0,1,1
33.770276258532114,107.35856870266593,0,4,1
17.205731945552785,36.32169696165068,0,4,1
7.345271107107983,67.18053773180918,0,2,1
16.045969233077226,120.0,2,5,1
10.253567142469038,41.35999605298185,0,4,1
21.73196715503874,120.0,0,3,1
20.613157359076126,28.966908343473843,2,4,0
13.925021363473522,88.90963464875644,0,3,1
21.990894582197516,94.41427573970148,0,1,0
20.43193989176879,20.0,0,1,0
23.024888759158372,44.22044128305645,0,3,1
19.942674198812387,62.79763290662191,2,1,0
16.123951071033705,79.93366386025943,0,4,1
10.445387113148982,101.99530425739546,0,2,1
32.17424141029424,52.69218180378045,0,4,1
17.267061478908808,53.321057504762905,0,4,1
11.822124766891616,120.0,0,4,1
11.700955085455075,48.210453971382805,0,3,1
33.52292685627461,92.9627691821271,0,4,1
23.25606056879441,80.45371284241827,0,1,1
4.207559347282388,55.004885778994755,2,4,1
23.020827546237697,77.59461600827099,2,1,1
13.30426105304268,95.29019224875405,0,9,1
14.657930025240361,106.45789002572067,2,6,1
9.694052074507425,97.45469497763891,0,1,1
20.227741773690717,58.291532665107106,0,3,1
31.033810317988085,20.0,0,3,0
2.8447134216878442,26.94207070944255,0,3,1
9.4889801711488,98.6142725652311,0,2,1
8.807904006781127,36.10865002706682,0,3,1
9.667817245912381,106.29526720603066,0,3,1
4.382917590905862,68.32486015333784,1,2,1
8.351960224587003,117.63665962109434,0,3,1
12.01383399839712,86.05490100589307,0,4,1
25.42569015366251,120.0,0,2,1
1.0,95.9587633317194,0,1,1
13.893610313134813,78.43561920660298,1,0,1
22.106078089971902,49.97329848101891,0,1,0
9.991539601149416,112.57889361996439,0,2,1
27.256467459833434,81.64169719008444,0,2,1
24.31161515232708,74.11466023918237,0,4,1
18.348364948382383,97.89433183210832,0,3,1
29.268406712848577,20.0,0,2,0
21.008050880919935,119.52430598066756,1,2,1
25.19080300153323,102.99701872274463,0,3,1
4.047702253499233,62.21895611594793,0,3,1
19.381572275662364,56.752179720362875,1,2,1
10.410527942085876,88.2287751243667,0,4,1
3.692546513580327,93.413711371184,0,4,1
13.6687555494547,71.26629060959755,0,2,1
19.268124818589136,78.28843669500088,0,4,1
11.024583367863613,92.54962223723271,1,5,1
19.911426493299793,79.93743191825085,1,3,1
25.890481148195214,81.62015198727755,0,3,1
12.405559653316494,86.63008424275213,0,7,1
13.168574643482714,120.0,0,1,1
16.848352298167708,116.19181196441579,0,2,1
16.487007357366853,32.82575103982535,1,2,0
24.978210110693908,20.0,2,3,0
1.0,109.46546985167706,1,4,1
19.403998158606584,120.0,2,3,1
10.991030946321985,46.086687130560485,1,4,1
8.209240475004673,68.89057346458196,0,3,1
33.31695013753796,66.52905924865297,0,1,1
16.182080964364804,86.96745786084563,0,2,1
12.411442727629733,112.4314768058973,0,6,1
31.010696869776286,60.387246931254374,0,3,1
19.748372687063544,95.1039783182063,0,4,1
13.040457489225311,60.6117197787843,0,4,1
20.556185574119258,116.91510947285582,0,3,1
18.459328892364113,76.52059426794749,0,1,1
5.377899051596842,81.43181365428495,0,2,1
9.531190562068408,103.20363013745629,0,1,1
11.124027817542565,76.85551088865097,0,2,1
11.917881101279477,111.995002211713,0,2,1
18.762235966911994,78.66482883132184,2,4,0
9.540900162086581,98.83866477242847,1,4,1
8.104967990218203,120.0,1,6,1
18.805296750153705,86.54522252449006,0,7,1
17.171264675324583,105.18987881079677,0,4,1
3.4318940212002413,98.85355909818358,0,2,1
10.879403938833716,20.0,1,3,0
17.489992322798873,104.8724043572576,1,0,0
30.36430985745303,74.42819731218144,0,1,0
15.767546768392243,93.49770257919937,0,1,0
17.877181091239272,20.0,0,1,0
15.212974826663892,67.97129896318985,0,3,1
15.347973814714353,120.0,0,3,1
1.0,107.93003006421512,1,2,1
26.868175863645995,95.0624390620185,1,6,1
18.59514482922634,49.53102923564058,0,4,1
23.07130357547539,68.82657965191422,1,2,1
4.7243867466395315,49.05013373970134,0,1,0
9.245775916506672,117.89825236133004,0,2,1
17.570639958305023,81.56814930515455,2,1,0
10.80821307124084,39.276417154163305,1,2,0
10.661604144234396,120.0,2,1,1
31.14009731296474,83.77860615775788,0,2,0
9.089225704759738,61.48351535887491,0,2,1
15.027307646164358,95.82527815382664,0,6,1
13.707659147070078,68.6151548634878,1,1,0
3.4070779686735158,51.12851486652472,0,3,0
